{
  "next_1h": {
    "window": 1,
    "generated_at": "2025-07-24T19:34:26.653090",
    "confidence": 0.895,
    "prediction_horizon": "simple",
    "likely_actions": [
      "maintain_processing_flow",
      "optimize_cognitive_pathways",
      "selective_focus_enhancement"
    ],
    "risk_nodes": [],
    "behavioral_drift": {
      "magnitude": 0.34663044465963927,
      "direction": "oscillatory",
      "probability": 0.5,
      "key_attractors": [
        "stability",
        "exploration",
        "reflection"
      ],
      "potential_phase_transitions": [
        "calm_to_active",
        "active_to_chaotic"
      ]
    },
    "entropy_projection": {
      "current": 0.5743840744327321,
      "projected_range": [
        0.3743840744327321,
        0.874384074432732
      ],
      "volatility_forecast": "moderate"
    },
    "recommended_interventions": []
  },
  "next_24h": {
    "window": 24,
    "generated_at": "2025-07-24T19:34:26.653090",
    "confidence": 0.78,
    "prediction_horizon": "moderate",
    "likely_actions": [
      "maintain_processing_flow",
      "optimize_cognitive_pathways",
      "selective_focus_enhancement"
    ],
    "risk_nodes": [],
    "behavioral_drift": {
      "magnitude": 0.23787172798908524,
      "direction": "oscillatory",
      "probability": 0.5,
      "key_attractors": [
        "stability",
        "exploration",
        "reflection"
      ],
      "potential_phase_transitions": [
        "active_to_calm"
      ]
    },
    "entropy_projection": {
      "current": 0.31645287998180877,
      "projected_range": [
        0.11645287998180875,
        0.6164528799818088
      ],
      "volatility_forecast": "low"
    },
    "recommended_interventions": []
  },
  "next_week": {
    "window": 168,
    "generated_at": "2025-07-24T19:34:26.653090",
    "confidence": 0.2,
    "prediction_horizon": "complex",
    "likely_actions": [
      "maintain_processing_flow",
      "optimize_cognitive_pathways",
      "selective_focus_enhancement",
      "long_term_pattern_emergence",
      "strategic_system_evolution",
      "deep_learning_integration"
    ],
    "risk_nodes": [
      "forecast_uncertainty",
      "emergent_behavior_unpredictability"
    ],
    "behavioral_drift": {
      "magnitude": 0.5,
      "direction": "oscillatory",
      "probability": 0.5,
      "key_attractors": [
        "stability",
        "exploration",
        "reflection"
      ],
      "potential_phase_transitions": [
        "active_to_calm"
      ]
    },
    "entropy_projection": {
      "current": 0.3049204006980093,
      "projected_range": [
        0.10492040069800929,
        0.6049204006980093
      ],
      "volatility_forecast": "low"
    },
    "recommended_interventions": []
  }
}