{
  "export_timestamp": "2025-07-24T19:34:26.676090",
  "chunk_count": 3,
  "chunks": [
    {
      "id": "chunk_1753349666_f283eb37",
      "timestamp": "2025-07-24T19:34:26.022116",
      "speaker": "dawn.core",
      "topic": "system_status",
      "content_preview": "System initialization complete - all cognitive subsystems online.",
      "sigils": [
        "SYSTEM_READY",
        "COGNITIVE_ONLINE"
      ],
      "pulse_state": {
        "entropy": 0.3,
        "heat": 25.0,
        "scup": 0.8
      }
    },
    {
      "id": "chunk_1753349666_5c57b6f3",
      "timestamp": "2025-07-24T19:34:26.132444",
      "speaker": "user",
      "topic": "testing_protocol",
      "content_preview": "Testing the snapshot export functionality with various system states.",
      "sigils": [
        "TEST_MODE",
        "EXPORT_PROTOCOL"
      ],
      "pulse_state": {
        "entropy": 0.5,
        "heat": 40.0,
        "scup": 0.6
      }
    },
    {
      "id": "chunk_1753349666_d93097d6",
      "timestamp": "2025-07-24T19:34:26.241456",
      "speaker": "dawn.core",
      "topic": "embodied_processing",
      "content_preview": "Symbolic anatomy responding to memory integration with somatic awareness.",
      "sigils": [
        "EMBODIED_COGNITION",
        "SOMATIC_AWARENESS"
      ],
      "pulse_state": {
        "entropy": 0.4,
        "heat": 35.0,
        "scup": 0.7
      }
    }
  ]
}