{
  "export_timestamp": "2025-07-24T19:34:26.684090",
  "total_reblooms": 1,
  "entries": [
    {
      "timestamp": "2025-07-24T19:34:26.353453",
      "rebloom_id": 1,
      "organ_activations": {
        "heart": {
          "activated": true,
          "emotion_type": "neutral",
          "intensity": 0.51,
          "pulse_response": {
            "beat_count": 1,
            "charge_delta": 0.51,
            "current_charge": 0.502902604506437,
            "emotion_type": "neutral",
            "is_overloaded": false,
            "rhythm_coherence": 0.5,
            "resonance_state": "resonant"
          },
          "significant": true
        },
        "coil": {
          "activated": true,
          "paths": [
            "memory",
            "emotional"
          ],
          "dominant_glyph": "\ud83d\udd78\ufe0f",
          "constellation": "\ud83d\udd78\ufe0f\ud83d\udcab",
          "significant": false
        },
        "lung": {
          "activated": false
        }
      },
      "symbolic_output": {
        "constellation": "\u25ef\ud83d\udd78\ufe0fR",
        "heart_state": "resonant",
        "coil_glyph": "\ud83d\udd78\ufe0f",
        "lung_phase": "neutral",
        "synergy_level": 0.25,
        "somatic_commentary": "I sense the \ud83d\udd78\ufe0f pattern flowing. I feel disconnected from my body."
      }
    }
  ]
}