{
  "snapshot_version": "1.0.0",
  "creation_timestamp": "20250724-193426",
  "creation_datetime": "2025-07-24T19:34:26.691091",
  "system_info": {
    "entropy": 0.5076990749175861,
    "zone": "ACTIVE",
    "tick_count": 537,
    "scup": 0.6884238798564137
  },
  "included_files": [
    "system_state.json",
    "forecasts.json",
    "symbolic_trace.json",
    "memory_chunks.json",
    "rebloom_log.json",
    "snapshot_metadata.json"
  ],
  "usage_instructions": {
    "description": "Complete DAWN cognitive system snapshot",
    "system_state": "Current entropy, heat, zone, and pulse data",
    "forecasts": "Behavioral predictions for 1h, 24h, and 1 week",
    "symbolic_trace": "Embodied cognition organ states and glyphs",
    "memory_chunks": "Recent memory fragments and experiences",
    "rebloom_log": "Memory reactivation and routing history"
  }
}