{
  "timestamp": "2025-07-24T19:34:26.647094",
  "export_version": "1.0.0",
  "system_metrics": {
    "entropy": 0.5076990749175861,
    "heat": 33.444913325628306,
    "zone": "ACTIVE",
    "scup": 0.6884238798564137,
    "tick_count": 537
  },
  "consciousness_state": {
    "scup": 0.6884238798564137,
    "entropy": 0.49762162407890986,
    "mood": "reflective",
    "tick_count": 537,
    "uptime": 290.9607437664049,
    "subsystems": [
      "memory_routing",
      "symbolic_router",
      "forecasting"
    ],
    "is_running": true
  },
  "pulse_state": {
    "entropy": 0.5076990749175861,
    "heat": 33.444913325628306,
    "scup": 0.7775377667308159,
    "alignment": 0.5108979016610327,
    "urgency": 0.40615925993406893,
    "zone": "ACTIVE",
    "focus": 0.5274712664181521,
    "chaos": 0.40615925993406893,
    "tick_id": 425
  },
  "symbolic_state": {
    "timestamp": "2025-07-24T19:34:26.647094",
    "organ_synergy": 0.5336478789393674,
    "heart": {
      "emotional_charge": 0.0957564546739679,
      "resonance_state": "resonant",
      "beat_count": 198
    },
    "coil": {
      "active_paths": 5,
      "dominant_glyph": "\ud83e\udd1d",
      "path_count": 3
    },
    "lung": {
      "breathing_phase": "inhaling",
      "lung_fullness": 0.6169928132968729,
      "breath_count": 79
    },
    "symbolic_state": {
      "constellation": "\u25ef\ud83d\udd0dR",
      "somatic_commentary": "My heart resonates with gentle rhythms."
    }
  },
  "memory_state": {
    "note": "No DAWN consciousness instance provided"
  },
  "last_forecast": null,
  "system_health": {
    "status": "operational",
    "stability_index": 0.5714575612927316,
    "coherence_level": 0.5642565225922715,
    "entropy": 0.5076990749175861,
    "scup": 0.6884238798564137,
    "organ_synergy": 0.5336478789393674
  }
}