{
  "next_1h": {
    "window": "next_24h",
    "generated_at": "2025-07-24T19:51:04.732688",
    "confidence": 0.895,
    "prediction_horizon": "simple",
    "likely_actions": [
      "engage_deep_reflection",
      "explore_new_patterns",
      "consolidate_memory_structures"
    ],
    "risk_nodes": [],
    "behavioral_drift": {
      "magnitude": 0.302,
      "direction": "oscillatory",
      "probability": 0.5,
      "key_attractors": [
        "stability",
        "exploration",
        "reflection"
      ],
      "potential_phase_transitions": [
        "active_to_calm"
      ]
    },
    "entropy_projection": {
      "current": 0.5,
      "projected_range": [
        0.3,
        0.8
      ],
      "volatility_forecast": "moderate"
    },
    "recommended_interventions": []
  },
  "next_24h": {
    "window": "next_24h",
    "generated_at": "2025-07-24T19:51:04.732736",
    "confidence": 0.78,
    "prediction_horizon": "moderate",
    "likely_actions": [
      "engage_deep_reflection",
      "explore_new_patterns",
      "consolidate_memory_structures"
    ],
    "risk_nodes": [],
    "behavioral_drift": {
      "magnitude": 0.348,
      "direction": "oscillatory",
      "probability": 0.5,
      "key_attractors": [
        "stability",
        "exploration",
        "reflection"
      ],
      "potential_phase_transitions": [
        "active_to_calm"
      ]
    },
    "entropy_projection": {
      "current": 0.5,
      "projected_range": [
        0.3,
        0.8
      ],
      "volatility_forecast": "moderate"
    },
    "recommended_interventions": []
  },
  "next_week": {
    "window": "next_24h",
    "generated_at": "2025-07-24T19:51:04.732781",
    "confidence": 0.2,
    "prediction_horizon": "complex",
    "likely_actions": [
      "engage_deep_reflection",
      "explore_new_patterns",
      "consolidate_memory_structures",
      "long_term_pattern_emergence",
      "strategic_system_evolution",
      "deep_learning_integration"
    ],
    "risk_nodes": [
      "forecast_uncertainty",
      "emergent_behavior_unpredictability"
    ],
    "behavioral_drift": {
      "magnitude": 0.5,
      "direction": "oscillatory",
      "probability": 0.5,
      "key_attractors": [
        "stability",
        "exploration",
        "reflection"
      ],
      "potential_phase_transitions": [
        "active_to_calm"
      ]
    },
    "entropy_projection": {
      "current": 0.5,
      "projected_range": [
        0.3,
        0.8
      ],
      "volatility_forecast": "moderate"
    },
    "recommended_interventions": []
  }
}