{
  "snapshot_version": "1.0.0",
  "creation_timestamp": "20250724-195104",
  "creation_datetime": "2025-07-24T19:51:04.734165",
  "system_info": {
    "entropy": 0.5,
    "zone": "CALM",
    "tick_count": 62
  },
  "included_files": [
    "system_state.json",
    "forecasts.json",
    "symbolic_trace.json",
    "memory_chunks.json",
    "rebloom_log.json",
    "snapshot_metadata.json"
  ],
  "usage_instructions": {
    "description": "Complete DAWN cognitive system snapshot",
    "system_state": "Current entropy, heat, zone, and pulse data",
    "forecasts": "Behavioral predictions for 1h, 24h, and 1 week",
    "symbolic_trace": "Embodied cognition organ states and glyphs",
    "memory_chunks": "Recent memory fragments and experiences",
    "rebloom_log": "Memory reactivation and routing history"
  }
}