timestamp,seed_id,depth,entropy_score,bloom_factor,mood,scup
2025-05-26T20:13:03.209383,seed-∆2143FJ,7,0.42,1.20,reflective,0.70
2025-05-26T20:13:29.329253,seed-∆test,1,0.52,1.10,resilient,0.69
2025-05-26T20:13:41.175182,seed-∆test,2,0.52,1.10,resilient,0.69
2025-05-26T20:19:58.929029,seed-∆2143FJ,7,0.42,1.20,reflective,0.70
2025-05-26T20:20:26.482220,seed-∆test,1,0.46,1.10,resilient,0.70
2025-05-26T20:20:38.710580,seed-∆test,2,0.46,1.10,resilient,0.70
2025-05-26T20:21:22.915623,synthesis-202122,3,0.36,1.17,reflective,0.71
2025-05-26T20:24:51.016768,seed-∆2143FJ,7,0.42,1.20,reflective,0.70
2025-05-26T20:25:17.812884,seed-∆test,1,0.33,1.10,resilient,0.73
2025-05-26T20:25:30.016444,seed-∆test,2,0.33,1.10,resilient,0.73
2025-05-26T20:26:15.057742,synthesis-202615,3,0.36,1.17,reflective,0.71
2025-05-26T20:26:27.105723,autowhale-10,1,0.40,2.00,anxious,0.64
2025-05-26T20:26:52.520864,autowhale-20,2,0.55,3.00,reflective,0.53
2025-05-26T20:27:18.451150,autowhale-30,3,0.35,1.00,anxious,0.73
2025-05-26T20:27:44.009058,autowhale-40,4,0.50,2.00,reflective,0.62
2025-05-26T20:28:09.818607,autowhale-50,0,0.30,3.00,anxious,0.58
2025-05-26T20:28:36.163956,autowhale-60,1,0.45,1.00,reflective,0.71
2025-05-26T20:29:04.079250,autowhale-70,2,0.25,2.00,anxious,0.67
2025-05-26T20:29:31.726384,autowhale-80,3,0.40,3.00,reflective,0.56
2025-05-26T20:29:59.650775,autowhale-90,4,0.55,1.00,anxious,0.69
2025-05-26T20:30:25.985772,autowhale-100,0,0.35,2.00,reflective,0.65
2025-05-26T20:30:53.699492,autowhale-110,1,0.50,3.00,anxious,0.54
2025-05-26T20:31:23.189437,autowhale-120,2,0.30,1.00,reflective,0.74
2025-05-26T20:31:53.489234,autowhale-130,3,0.45,2.00,anxious,0.63
2025-05-26T20:32:23.395004,autowhale-140,4,0.25,3.00,reflective,0.59
2025-05-26T20:32:52.326727,autowhale-150,0,0.40,1.00,anxious,0.72
2025-05-26T20:33:19.920959,autowhale-160,1,0.55,2.00,reflective,0.61
2025-05-26T22:02:46.866220,seed-∆2143FJ,7,0.42,1.20,reflective,0.70
2025-05-26T22:03:22.078820,seed-∆test,1,0.49,1.10,resilient,0.69
2025-05-26T22:03:37.056417,seed-∆test,2,0.49,1.10,resilient,0.69
2025-05-26T22:04:27.326113,synthesis-220427,3,0.36,1.17,reflective,0.71
2025-05-27T02:17:37.816633,seed-∆2143FJ,7,0.42,1.20,reflective,0.70
2025-05-27T02:19:32.504469,seed-∆2143FJ,7,0.42,1.20,reflective,0.70
2025-05-27T02:20:52.889930,seed-∆2143FJ,7,0.42,1.20,reflective,0.70
2025-05-27T02:22:26.281394,seed-∆2143FJ,7,0.42,1.20,reflective,0.70
2025-05-27T02:22:55.687877,seed-∆2143FJ,7,0.42,1.20,reflective,0.70
2025-05-27T02:23:45.895614,seed-∆2143FJ,7,0.42,1.20,reflective,0.70
2025-05-27T02:25:04.273951,seed-∆2143FJ,7,0.42,1.20,reflective,0.70
2025-05-27T02:25:53.486939,seed-∆2143FJ,7,0.42,1.20,reflective,0.70
2025-05-27T02:27:52.142502,seed-∆2143FJ,7,0.42,1.20,reflective,0.70
2025-05-27T02:28:29.464996,seed-∆test,1,0.42,1.10,resilient,0.71
2025-05-27T02:28:42.627763,seed-∆test,2,0.42,1.10,resilient,0.71
2025-05-27T02:33:20.535001,seed-∆2143FJ,7,0.42,1.20,reflective,0.70
2025-05-27T02:33:57.792482,seed-∆test,1,0.34,1.10,resilient,0.72
2025-05-27T02:34:13.156360,seed-∆test,2,0.34,1.10,resilient,0.72
2025-05-27T02:39:44.940632,seed-∆2143FJ,7,0.42,1.20,reflective,0.70
2025-05-27T02:40:22.981265,seed-∆test,1,0.45,1.10,resilient,0.70
2025-05-27T02:40:36.792405,seed-∆test,2,0.45,1.10,resilient,0.70
2025-05-27T03:04:40.879844,seed-∆2143FJ,7,0.42,1.20,reflective,0.70
2025-05-27T03:05:17.139176,seed-∆test,1,0.54,1.10,resilient,0.68
2025-05-27T03:05:30.092690,seed-∆test,2,0.54,1.10,resilient,0.68
2025-05-27T03:07:53.149931,seed-∆2143FJ,7,0.42,1.20,reflective,0.70
2025-05-27T03:08:28.926963,seed-∆test,1,0.40,1.10,resilient,0.71
2025-05-27T03:08:42.712818,seed-∆test,2,0.40,1.10,resilient,0.71
2025-05-27T03:25:50.231134,seed-∆2143FJ,7,0.42,1.20,reflective,0.70
2025-05-27T03:26:26.827006,seed-∆test,1,0.45,1.10,resilient,0.70
2025-05-27T03:26:40.891940,seed-∆test,2,0.45,1.10,resilient,0.70
2025-05-27T04:19:44.937870,seed-∆2143FJ,7,0.42,1.20,reflective,0.70
2025-05-27T04:20:23.467724,seed-∆test,1,0.48,1.10,resilient,0.70
2025-05-27T04:20:38.434339,seed-∆test,2,0.48,1.10,resilient,0.70
2025-05-27T04:26:27.363380,seed-∆2143FJ,7,0.42,1.20,reflective,0.70
2025-05-27T04:27:07.040001,seed-∆test,1,0.56,1.10,resilient,0.68
2025-05-27T04:27:21.191328,seed-∆test,2,0.56,1.10,resilient,0.68
2025-05-27T04:30:15.798768,seed-∆2143FJ,7,0.42,1.20,reflective,0.70
2025-05-27T04:30:53.935869,seed-∆test,1,0.48,1.10,resilient,0.70
2025-05-27T04:31:07.705228,seed-∆test,2,0.48,1.10,resilient,0.70
2025-05-27T04:39:29.175489,seed-∆2143FJ,7,0.42,1.20,reflective,0.70
2025-05-27T04:40:06.436300,seed-∆test,1,0.37,1.10,resilient,0.72
2025-05-27T04:40:20.449223,seed-∆test,2,0.37,1.10,resilient,0.72
2025-05-27T04:49:57.659943,seed-∆2143FJ,7,0.42,1.20,reflective,0.70
2025-05-27T04:50:35.906981,seed-∆test,1,0.41,1.10,resilient,0.71
2025-05-27T04:50:50.229230,seed-∆test,2,0.41,1.10,resilient,0.71
2025-05-27T05:28:11.320767,seed-∆2143FJ,7,0.42,1.20,reflective,0.70
2025-05-27T05:28:50.524382,seed-∆test,1,0.33,1.10,resilient,0.73
2025-05-27T05:29:04.904374,seed-∆test,2,0.33,1.10,resilient,0.73
2025-05-27T05:38:52.909683,seed-∆2143FJ,7,0.42,1.20,reflective,0.70
2025-05-27T05:39:31.970690,seed-∆test,1,0.42,1.10,resilient,0.71
2025-05-27T05:39:47.696889,seed-∆test,2,0.42,1.10,resilient,0.71
2025-05-27T06:30:23.711193,seed-∆2143FJ,7,0.42,1.20,reflective,0.70
2025-05-27T06:31:02.008141,seed-∆test,1,0.54,1.10,resilient,0.68
2025-05-27T06:31:16.104129,seed-∆test,2,0.54,1.10,resilient,0.68
2025-05-27T06:35:29.965431,seed-∆2143FJ,7,0.42,1.20,reflective,0.70
2025-05-27T06:36:08.584118,seed-∆test,1,0.31,1.10,resilient,0.73
2025-05-27T06:36:22.997082,seed-∆test,2,0.31,1.10,resilient,0.73
2025-05-27T17:50:22.095915,seed-∆2143FJ,7,0.42,1.20,reflective,0.70
2025-05-27T17:51:05.045843,seed-∆test,1,0.59,1.10,resilient,0.67
2025-05-27T17:51:19.965906,seed-∆test,2,0.59,1.10,resilient,0.67
2025-05-28T01:25:14.886924,seed-∆2143FJ,7,0.42,1.20,reflective,0.70
2025-05-28T01:27:03.952509,seed-∆2143FJ,7,0.42,1.20,reflective,0.70
2025-05-28T01:27:45.673262,seed-∆test,1,0.36,1.10,resilient,0.72
2025-05-28T01:27:59.617345,seed-∆test,2,0.36,1.10,resilient,0.72
2025-05-28T01:33:52.108599,seed-∆2143FJ,7,0.42,1.20,reflective,0.70
2025-05-28T01:34:30.566110,seed-∆test,1,0.56,1.10,resilient,0.68
2025-05-28T01:34:44.531582,seed-∆test,2,0.56,1.10,resilient,0.68
2025-05-28T01:40:49.406743,seed-∆2143FJ,7,0.42,1.20,reflective,0.70
2025-05-28T01:41:27.299385,seed-∆test,1,0.33,1.10,resilient,0.73
2025-05-28T01:41:41.436039,seed-∆test,2,0.33,1.10,resilient,0.73
2025-05-28T01:44:33.590678,seed-∆2143FJ,7,0.42,1.20,reflective,0.70
2025-05-28T01:45:12.269927,seed-∆test,1,0.37,1.10,resilient,0.72
2025-05-28T01:45:27.173287,seed-∆test,2,0.37,1.10,resilient,0.72
2025-05-28T01:48:09.283186,seed-∆2143FJ,7,0.42,1.20,reflective,0.70
2025-05-28T01:52:27.319614,seed-∆2143FJ,7,0.42,1.20,reflective,0.70
2025-05-28T01:53:07.369401,seed-∆test,1,0.50,1.10,resilient,0.69
2025-05-28T01:53:21.771285,seed-∆test,2,0.50,1.10,resilient,0.69
2025-05-28T01:56:53.689830,seed-∆2143FJ,7,0.42,1.20,reflective,0.70
2025-05-28T01:57:32.560025,seed-∆test,1,0.47,1.10,resilient,0.70
2025-05-28T01:57:47.092591,seed-∆test,2,0.47,1.10,resilient,0.70
2025-05-28T02:00:30.664436,seed-∆2143FJ,7,0.42,1.20,reflective,0.70
2025-05-28T02:01:09.726133,seed-∆test,1,0.46,1.10,resilient,0.70
2025-05-28T02:01:24.035773,seed-∆test,2,0.46,1.10,resilient,0.70
2025-05-28T02:10:59.249491,seed-∆2143FJ,7,0.42,1.20,reflective,0.70
2025-05-28T02:11:37.871591,seed-∆test,1,0.42,1.10,resilient,0.71
2025-05-28T02:11:53.943826,seed-∆test,2,0.42,1.10,resilient,0.71
2025-05-28T02:19:49.475420,seed-∆2143FJ,7,0.42,1.20,reflective,0.70
2025-05-28T02:20:28.616222,seed-∆test,1,0.33,1.10,resilient,0.73
2025-05-28T02:20:43.326559,seed-∆test,2,0.33,1.10,resilient,0.73
2025-05-28T21:22:56.191305,emergency_test_9996,2,0.800,1.200,agitated,0.000,emergency_debug,success
2025-05-29T00:25:14.067985,diagnostic_test,1,0.500,0.500,diagnostic,0.000,emergency_bloom,success
