timestamp,bloom_id,seed,mood,entropy_score,bloom_factor,lineage_depth,flow_strength
2025-05-25T16:04:30.567678,whale-006,whale-006,reflective,0.38,1.2,2,1.2
2025-05-25T16:24:53.449588,seed-∆2143FJ,seed-∆2143FJ,reflective,0.42,1.2,7,1.2
2025-05-25T16:26:56.119864,seed-∆2143FJ,seed-∆2143FJ,reflective,0.42,1.2,7,1.2
2025-05-25T16:27:13.148451,seed-∆test,seed-∆test,resilient,0.3952733512118859,1.1,1,1.1
2025-05-25T16:27:15.250806,seed-∆test,seed-∆test,resilient,0.3952733512118859,1.1,2,1.1
2025-05-25T16:29:14.328248,seed-∆2143FJ,seed-∆2143FJ,reflective,0.42,1.2,7,1.2
2025-05-25T16:29:31.511612,seed-∆test,seed-∆test,resilient,0.5508412329693435,1.1,1,1.1
2025-05-25T16:29:33.771650,seed-∆test,seed-∆test,resilient,0.5508412329693435,1.1,2,1.1
2025-05-25T16:31:18.039391,seed-∆2143FJ,seed-∆2143FJ,reflective,0.42,1.2,7,1.2
2025-05-25T16:31:35.224379,seed-∆test,seed-∆test,resilient,0.565016094150621,1.1,1,1.1
2025-05-25T16:31:37.386307,seed-∆test,seed-∆test,resilient,0.565016094150621,1.1,2,1.1
2025-05-25T16:34:44.390009,seed-∆2143FJ,seed-∆2143FJ,reflective,0.42,1.2,7,1.2
2025-05-25T16:35:01.603809,seed-∆test,seed-∆test,resilient,0.5482319070506659,1.1,1,1.1
2025-05-25T16:35:03.945538,seed-∆test,seed-∆test,resilient,0.5482319070506659,1.1,2,1.1
2025-05-25T16:36:28.447644,seed-∆2143FJ,seed-∆2143FJ,reflective,0.42,1.2,7,1.2
2025-05-25T16:36:45.962288,seed-∆test,seed-∆test,resilient,0.3640546236085268,1.1,1,1.1
2025-05-25T16:36:48.269013,seed-∆test,seed-∆test,resilient,0.3640546236085268,1.1,2,1.1
2025-05-25T16:36:58.960258,autowhale-10,autowhale-10,anxious,0.4,2.0,1,2.0
2025-05-25T16:37:12.097794,synthesis-163711,synthesis-163711,reflective,0.36000000000000004,1.1666666666666667,3,1.1666666666666667
2025-05-25T16:49:18.641503,seed-∆2143FJ,seed-∆2143FJ,reflective,0.42,1.2,7,1.2
2025-05-25T16:49:35.941428,seed-∆test,seed-∆test,resilient,0.4101977786201308,1.1,1,1.1
2025-05-25T16:49:38.244409,seed-∆test,seed-∆test,resilient,0.4101977786201308,1.1,2,1.1
2025-05-25T16:49:48.970205,autowhale-10,autowhale-10,anxious,0.4,2.0,1,2.0
2025-05-25T16:51:21.118069,seed-∆2143FJ,seed-∆2143FJ,reflective,0.42,1.2,7,1.2
2025-05-25T16:51:38.603674,seed-∆test,seed-∆test,resilient,0.42621351604344926,1.1,1,1.1
2025-05-25T16:51:41.014406,seed-∆test,seed-∆test,resilient,0.42621351604344926,1.1,2,1.1
2025-05-25T16:51:51.785399,autowhale-10,autowhale-10,anxious,0.4,2.0,1,2.0
2025-05-25T16:54:08.112647,seed-∆2143FJ,seed-∆2143FJ,reflective,0.42,1.2,7,1.2
2025-05-25T16:54:25.565248,seed-∆test,seed-∆test,resilient,0.3315214262768155,1.1,1,1.1
2025-05-25T16:54:27.980233,seed-∆test,seed-∆test,resilient,0.3315214262768155,1.1,2,1.1
2025-05-25T16:54:38.856496,autowhale-10,autowhale-10,anxious,0.4,2.0,1,2.0
2025-05-25T16:54:52.505350,synthesis-165451,synthesis-165451,reflective,0.36000000000000004,1.1666666666666667,3,1.1666666666666667
2025-05-25T16:57:02.270484,seed-∆2143FJ,seed-∆2143FJ,reflective,0.42,1.2,7,1.2
2025-05-25T16:57:19.861702,seed-∆test,seed-∆test,resilient,0.5934700381998059,1.1,1,1.1
2025-05-25T16:57:22.415308,seed-∆test,seed-∆test,resilient,0.5934700381998059,1.1,2,1.1
2025-05-25T16:57:33.424698,autowhale-10,autowhale-10,anxious,0.4,2.0,1,2.0
2025-05-25T16:57:47.275060,synthesis-165746,synthesis-165746,reflective,0.36000000000000004,1.1666666666666667,3,1.1666666666666667
2025-05-25T16:57:50.049277,autowhale-20,autowhale-20,reflective,0.55,3.0,2,3.0
2025-05-25T16:58:04.018639,autowhale-30,autowhale-30,anxious,0.35,1.0,3,1.0
2025-05-25T16:58:18.162829,autowhale-40,autowhale-40,reflective,0.5,2.0,4,2.0
2025-05-25T16:58:32.884053,autowhale-50,autowhale-50,anxious,0.3,3.0,0,3.0
2025-05-25T17:00:07.870528,seed-∆2143FJ,seed-∆2143FJ,reflective,0.42,1.2,7,1.2
2025-05-25T17:00:26.105644,seed-∆test,seed-∆test,resilient,0.321495631593918,1.1,1,1.1
2025-05-25T17:00:29.224021,seed-∆test,seed-∆test,resilient,0.321495631593918,1.1,2,1.1
2025-05-25T17:00:40.788760,autowhale-10,autowhale-10,anxious,0.4,2.0,1,2.0
2025-05-25T17:00:55.151167,synthesis-170054,synthesis-170054,reflective,0.36000000000000004,1.1666666666666667,3,1.1666666666666667
2025-05-25T17:00:58.119611,autowhale-20,autowhale-20,reflective,0.55,3.0,2,3.0
2025-05-25T17:01:12.962851,autowhale-30,autowhale-30,anxious,0.35,1.0,3,1.0
2025-05-25T17:03:10.853181,seed-∆2143FJ,seed-∆2143FJ,reflective,0.42,1.2,7,1.2
2025-05-25T17:03:28.802057,seed-∆test,seed-∆test,resilient,0.49126765617634494,1.1,1,1.1
2025-05-25T17:03:32.360137,seed-∆test,seed-∆test,resilient,0.49126765617634494,1.1,2,1.1
2025-05-25T17:03:43.856886,autowhale-10,autowhale-10,anxious,0.4,2.0,1,2.0
2025-05-25T17:03:59.995372,synthesis-170358,synthesis-170358,reflective,0.36000000000000004,1.1666666666666667,3,1.1666666666666667
2025-05-25T17:04:03.766832,autowhale-20,autowhale-20,reflective,0.55,3.0,2,3.0
2025-05-25T17:04:18.716676,autowhale-30,autowhale-30,anxious,0.35,1.0,3,1.0
2025-05-25T17:04:34.887223,autowhale-40,autowhale-40,reflective,0.5,2.0,4,2.0
2025-05-25T17:04:49.708464,autowhale-50,autowhale-50,anxious,0.3,3.0,0,3.0
2025-05-25T17:05:04.667750,autowhale-60,autowhale-60,reflective,0.45,1.0,1,1.0
2025-05-25T17:43:22.470582,seed-∆2143FJ,seed-∆2143FJ,reflective,0.42,1.2,7,1.2
2025-05-25T17:43:40.753575,seed-∆test,seed-∆test,resilient,0.4471776802917498,1.1,1,1.1
2025-05-25T17:43:43.960702,seed-∆test,seed-∆test,resilient,0.4471776802917498,1.1,2,1.1
2025-05-25T17:43:55.713740,autowhale-10,autowhale-10,anxious,0.4,2.0,1,2.0
2025-05-25T17:44:11.038074,synthesis-174410,synthesis-174410,reflective,0.36000000000000004,1.1666666666666667,3,1.1666666666666667
2025-05-25T17:44:14.722172,autowhale-20,autowhale-20,reflective,0.55,3.0,2,3.0
2025-05-25T17:44:30.401409,autowhale-30,autowhale-30,anxious,0.35,1.0,3,1.0
2025-05-25T17:44:45.989322,autowhale-40,autowhale-40,reflective,0.5,2.0,4,2.0
2025-05-25T17:45:00.956140,autowhale-50,autowhale-50,anxious,0.3,3.0,0,3.0
2025-05-25T17:45:16.195424,autowhale-60,autowhale-60,reflective,0.45,1.0,1,1.0
2025-05-25T17:45:46.103202,seed-∆2143FJ,seed-∆2143FJ,reflective,0.42,1.2,7,1.2
2025-05-25T17:46:04.325242,seed-∆test,seed-∆test,resilient,0.49799381544828025,1.1,1,1.1
2025-05-25T17:46:07.614145,seed-∆test,seed-∆test,resilient,0.49799381544828025,1.1,2,1.1
2025-05-25T17:46:19.421381,autowhale-10,autowhale-10,anxious,0.4,2.0,1,2.0
2025-05-25T17:47:43.821601,seed-∆2143FJ,seed-∆2143FJ,reflective,0.42,1.2,7,1.2
2025-05-25T17:48:02.167475,seed-∆test,seed-∆test,resilient,0.5805855556828575,1.1,1,1.1
2025-05-25T17:48:05.442683,seed-∆test,seed-∆test,resilient,0.5805855556828575,1.1,2,1.1
2025-05-25T17:48:17.270907,autowhale-10,autowhale-10,anxious,0.4,2.0,1,2.0
2025-05-25T17:49:34.833531,seed-∆2143FJ,seed-∆2143FJ,reflective,0.42,1.2,7,1.2
2025-05-25T17:49:53.347040,seed-∆test,seed-∆test,resilient,0.559806189097384,1.1,1,1.1
2025-05-25T17:49:56.766032,seed-∆test,seed-∆test,resilient,0.559806189097384,1.1,2,1.1
2025-05-25T17:50:08.768258,autowhale-10,autowhale-10,anxious,0.4,2.0,1,2.0
2025-05-25T17:53:26.761453,seed-∆2143FJ,seed-∆2143FJ,reflective,0.42,1.2,7,1.2
2025-05-25T17:53:45.487674,seed-∆test,seed-∆test,resilient,0.5936568299598783,1.1,1,1.1
2025-05-25T17:53:49.113740,seed-∆test,seed-∆test,resilient,0.5936568299598783,1.1,2,1.1
2025-05-25T17:54:01.442727,autowhale-10,autowhale-10,anxious,0.4,2.0,1,2.0
2025-05-25T17:54:35.178268,seed-∆2143FJ,seed-∆2143FJ,reflective,0.42,1.2,7,1.2
2025-05-25T17:54:53.846018,seed-∆test,seed-∆test,resilient,0.3748438208221618,1.1,1,1.1
2025-05-25T17:54:57.384364,seed-∆test,seed-∆test,resilient,0.3748438208221618,1.1,2,1.1
2025-05-25T17:55:09.691489,autowhale-10,autowhale-10,anxious,0.4,2.0,1,2.0
2025-05-25T17:57:09.043731,seed-∆2143FJ,seed-∆2143FJ,reflective,0.42,1.2,7,1.2
2025-05-25T17:59:45.318655,seed-∆2143FJ,seed-∆2143FJ,reflective,0.42,1.2,7,1.2
2025-05-25T18:00:03.918689,seed-∆test,seed-∆test,resilient,0.375746051673131,1.1,1,1.1
2025-05-25T18:00:07.375628,seed-∆test,seed-∆test,resilient,0.375746051673131,1.1,2,1.1
2025-05-25T18:04:35.966617,seed-∆2143FJ,seed-∆2143FJ,reflective,0.42,1.2,7,1.2
2025-05-25T18:04:54.779384,seed-∆test,seed-∆test,resilient,0.35848447614589685,1.1,1,1.1
2025-05-25T18:04:58.601710,seed-∆test,seed-∆test,resilient,0.35848447614589685,1.1,2,1.1
2025-05-25T18:05:10.610643,autowhale-10,autowhale-10,anxious,0.4,2.0,1,2.0
2025-05-25T18:07:13.715453,seed-∆2143FJ,seed-∆2143FJ,reflective,0.42,1.2,7,1.2
2025-05-25T18:07:32.596499,seed-∆test,seed-∆test,resilient,0.33417064695652554,1.1,1,1.1
2025-05-25T18:07:36.888455,seed-∆test,seed-∆test,resilient,0.33417064695652554,1.1,2,1.1
2025-05-25T18:07:49.345848,autowhale-10,autowhale-10,anxious,0.4,2.0,1,2.0
2025-05-25T18:08:06.104582,synthesis-180805,synthesis-180805,reflective,0.36000000000000004,1.1666666666666667,3,1.1666666666666667
2025-05-25T18:08:10.056319,autowhale-20,autowhale-20,reflective,0.55,3.0,2,3.0
2025-05-25T18:08:26.460692,autowhale-30,autowhale-30,anxious,0.35,1.0,3,1.0
2025-05-25T18:08:42.988243,autowhale-40,autowhale-40,reflective,0.5,2.0,4,2.0
2025-05-25T18:08:59.432879,autowhale-50,autowhale-50,anxious,0.3,3.0,0,3.0
2025-05-25T18:09:15.947366,autowhale-60,autowhale-60,reflective,0.45,1.0,1,1.0
2025-05-25T18:09:32.656381,autowhale-70,autowhale-70,anxious,0.25,2.0,2,2.0
2025-05-25T18:09:49.704499,autowhale-80,autowhale-80,reflective,0.4,3.0,3,3.0
2025-05-25T18:10:06.563665,autowhale-90,autowhale-90,anxious,0.55,1.0,4,1.0
2025-05-25T18:10:23.503771,autowhale-100,autowhale-100,reflective,0.35,2.0,0,2.0
2025-05-25T18:10:40.354005,autowhale-110,autowhale-110,anxious,0.5,3.0,1,3.0
2025-05-25T18:10:57.058987,autowhale-120,autowhale-120,reflective,0.3,1.0,2,1.0
2025-05-25T18:11:13.720722,autowhale-130,autowhale-130,anxious,0.45,2.0,3,2.0
2025-05-25T18:11:46.542776,seed-∆2143FJ,seed-∆2143FJ,reflective,0.42,1.2,7,1.2
2025-05-25T18:12:05.823520,seed-∆test,seed-∆test,resilient,0.4217438227529471,1.1,1,1.1
2025-05-25T18:12:10.121824,seed-∆test,seed-∆test,resilient,0.4217438227529471,1.1,2,1.1
2025-05-25T18:13:43.713939,seed-∆2143FJ,seed-∆2143FJ,reflective,0.42,1.2,7,1.2
2025-05-25T18:14:02.988922,seed-∆test,seed-∆test,resilient,0.5762230750851369,1.1,1,1.1
2025-05-25T18:14:07.816645,seed-∆test,seed-∆test,resilient,0.5762230750851369,1.1,2,1.1
2025-05-25T18:14:20.614007,autowhale-10,autowhale-10,anxious,0.4,2.0,1,2.0
2025-05-25T18:14:38.430826,synthesis-181437,synthesis-181437,reflective,0.36000000000000004,1.1666666666666667,3,1.1666666666666667
2025-05-25T18:14:43.381065,autowhale-20,autowhale-20,reflective,0.55,3.0,2,3.0
2025-05-25T18:15:01.349424,autowhale-30,autowhale-30,anxious,0.35,1.0,3,1.0
2025-05-25T18:15:18.801830,autowhale-40,autowhale-40,reflective,0.5,2.0,4,2.0
2025-05-25T18:15:35.995449,autowhale-50,autowhale-50,anxious,0.3,3.0,0,3.0
2025-05-25T18:15:53.364176,autowhale-60,autowhale-60,reflective,0.45,1.0,1,1.0
2025-05-25T18:16:10.816628,autowhale-70,autowhale-70,anxious,0.25,2.0,2,2.0
2025-05-25T18:16:28.260434,autowhale-80,autowhale-80,reflective,0.4,3.0,3,3.0
2025-05-25T18:16:45.925711,autowhale-90,autowhale-90,anxious,0.55,1.0,4,1.0
2025-05-25T18:17:03.969935,autowhale-100,autowhale-100,reflective,0.35,2.0,0,2.0
2025-05-25T18:17:21.624988,autowhale-110,autowhale-110,anxious,0.5,3.0,1,3.0
2025-05-25T18:17:39.226471,autowhale-120,autowhale-120,reflective,0.3,1.0,2,1.0
2025-05-25T18:17:56.684924,autowhale-130,autowhale-130,anxious,0.45,2.0,3,2.0
2025-05-25T18:18:14.684547,autowhale-140,autowhale-140,reflective,0.25,3.0,4,3.0
2025-05-25T18:18:32.801829,autowhale-150,autowhale-150,anxious,0.4,1.0,0,1.0
2025-05-25T18:18:51.421284,autowhale-160,autowhale-160,reflective,0.55,2.0,1,2.0
2025-05-25T18:19:09.541003,autowhale-170,autowhale-170,anxious,0.35,3.0,2,3.0
2025-05-25T18:28:40.541627,seed-∆2143FJ,seed-∆2143FJ,reflective,0.42,1.2,7,1.2
2025-05-25T18:29:00.145984,seed-∆test,seed-∆test,resilient,0.41334387813452733,1.1,1,1.1
2025-05-25T18:29:04.778353,seed-∆test,seed-∆test,resilient,0.41334387813452733,1.1,2,1.1
2025-05-25T18:30:30.475755,seed-∆2143FJ,seed-∆2143FJ,reflective,0.42,1.2,7,1.2
2025-05-25T18:30:50.280618,seed-∆test,seed-∆test,resilient,0.31642182624889803,1.1,1,1.1
2025-05-25T18:30:55.141680,seed-∆test,seed-∆test,resilient,0.31642182624889803,1.1,2,1.1
2025-05-25T18:32:45.044790,seed-∆2143FJ,seed-∆2143FJ,reflective,0.42,1.2,7,1.2
2025-05-25T18:33:05.013413,seed-∆test,seed-∆test,resilient,0.5139962360765487,1.1,1,1.1
2025-05-25T18:33:10.188925,seed-∆test,seed-∆test,resilient,0.5139962360765487,1.1,2,1.1
2025-05-25T18:41:45.490691,seed-∆2143FJ,seed-∆2143FJ,reflective,0.42,1.2,7,1.2
2025-05-25T18:42:05.452916,seed-∆test,seed-∆test,resilient,0.43446697650192345,1.1,1,1.1
2025-05-25T18:42:10.302551,seed-∆test,seed-∆test,resilient,0.43446697650192345,1.1,2,1.1
2025-05-25T18:43:15.131497,seed-∆2143FJ,seed-∆2143FJ,reflective,0.42,1.2,7,1.2
2025-05-25T18:43:35.276318,seed-∆test,seed-∆test,resilient,0.43943364459274925,1.1,1,1.1
2025-05-25T18:43:40.537205,seed-∆test,seed-∆test,resilient,0.43943364459274925,1.1,2,1.1
2025-05-25T18:43:54.093494,autowhale-10,autowhale-10,anxious,0.4,2.0,1,2.0
2025-05-25T18:44:12.690800,synthesis-184411,synthesis-184411,reflective,0.36000000000000004,1.1666666666666667,3,1.1666666666666667
2025-05-25T18:44:17.502751,autowhale-20,autowhale-20,reflective,0.55,3.0,2,3.0
2025-05-25T18:44:36.150232,autowhale-30,autowhale-30,anxious,0.35,1.0,3,1.0
2025-05-25T18:44:54.991141,autowhale-40,autowhale-40,reflective,0.5,2.0,4,2.0
2025-05-25T18:54:48.676049,seed-∆2143FJ,seed-∆2143FJ,reflective,0.42,1.2,7,1.2
2025-05-25T18:55:08.946127,seed-∆test,seed-∆test,resilient,0.4159373425137773,1.1,1,1.1
2025-05-25T18:55:13.926236,seed-∆test,seed-∆test,resilient,0.4159373425137773,1.1,2,1.1
2025-05-25T18:55:27.161267,autowhale-10,autowhale-10,anxious,0.4,2.0,1,2.0
2025-05-25T18:56:42.097118,seed-∆2143FJ,seed-∆2143FJ,reflective,0.42,1.2,7,1.2
2025-05-25T18:57:02.515741,seed-∆test,seed-∆test,resilient,0.3073861542044501,1.1,1,1.1
2025-05-25T18:57:08.336935,seed-∆test,seed-∆test,resilient,0.3073861542044501,1.1,2,1.1
2025-05-25T18:57:22.109073,autowhale-10,autowhale-10,anxious,0.4,2.0,1,2.0
2025-05-25T18:57:41.470976,synthesis-185740,synthesis-185740,reflective,0.36000000000000004,1.1666666666666667,3,1.1666666666666667
2025-05-25T18:57:46.805102,autowhale-20,autowhale-20,reflective,0.55,3.0,2,3.0
2025-05-25T18:58:06.052073,autowhale-30,autowhale-30,anxious,0.35,1.0,3,1.0
2025-05-25T18:58:25.596973,autowhale-40,autowhale-40,reflective,0.5,2.0,4,2.0
2025-05-25T18:58:45.629292,autowhale-50,autowhale-50,anxious,0.3,3.0,0,3.0
2025-05-25T18:59:04.720662,autowhale-60,autowhale-60,reflective,0.45,1.0,1,1.0
2025-05-25T18:59:23.885544,autowhale-70,autowhale-70,anxious,0.25,2.0,2,2.0
2025-05-25T18:59:43.680558,autowhale-80,autowhale-80,reflective,0.4,3.0,3,3.0
2025-05-25T19:00:03.925116,autowhale-90,autowhale-90,anxious,0.55,1.0,4,1.0
2025-05-25T19:00:23.327383,autowhale-100,autowhale-100,reflective,0.35,2.0,0,2.0
2025-05-25T19:00:42.753423,autowhale-110,autowhale-110,anxious,0.5,3.0,1,3.0
2025-05-25T22:28:31.879629,seed-∆2143FJ,seed-∆2143FJ,reflective,0.42,1.2,7,1.2
2025-05-25T22:28:54.126037,seed-∆test,seed-∆test,resilient,0.40127114154014076,1.1,1,1.1
2025-05-25T22:28:59.552265,seed-∆test,seed-∆test,resilient,0.40127114154014076,1.1,2,1.1
2025-05-25T22:29:13.439168,autowhale-10,autowhale-10,anxious,0.4,2.0,1,2.0
2025-05-25T22:29:33.891656,synthesis-222933,synthesis-222933,reflective,0.36000000000000004,1.1666666666666667,3,1.1666666666666667
2025-05-25T22:29:39.565339,autowhale-20,autowhale-20,reflective,0.55,3.0,2,3.0
2025-05-25T22:32:02.432682,seed-∆2143FJ,seed-∆2143FJ,reflective,0.42,1.2,7,1.2
2025-05-25T22:32:23.071962,seed-∆test,seed-∆test,resilient,0.44721414847237384,1.1,1,1.1
2025-05-25T22:32:28.538289,seed-∆test,seed-∆test,resilient,0.44721414847237384,1.1,2,1.1
2025-05-25T22:32:42.377319,autowhale-10,autowhale-10,anxious,0.4,2.0,1,2.0
2025-05-25T22:33:02.111120,synthesis-223301,synthesis-223301,reflective,0.36000000000000004,1.1666666666666667,3,1.1666666666666667
2025-05-25T22:33:07.992896,autowhale-20,autowhale-20,reflective,0.55,3.0,2,3.0
2025-05-25T22:33:28.868629,autowhale-30,autowhale-30,anxious,0.35,1.0,3,1.0
2025-05-25T22:33:49.466410,autowhale-40,autowhale-40,reflective,0.5,2.0,4,2.0
2025-05-25T22:34:09.905234,autowhale-50,autowhale-50,anxious,0.3,3.0,0,3.0
2025-05-25T22:34:30.883893,autowhale-60,autowhale-60,reflective,0.45,1.0,1,1.0
2025-05-25T22:34:51.311329,autowhale-70,autowhale-70,anxious,0.25,2.0,2,2.0
2025-05-25T22:35:12.271794,autowhale-80,autowhale-80,reflective,0.4,3.0,3,3.0
2025-05-25T22:35:32.725601,autowhale-90,autowhale-90,anxious,0.55,1.0,4,1.0
2025-05-25T22:35:54.069676,autowhale-100,autowhale-100,reflective,0.35,2.0,0,2.0
2025-05-25T22:36:14.636204,autowhale-110,autowhale-110,anxious,0.5,3.0,1,3.0
2025-05-25T22:36:35.385088,autowhale-120,autowhale-120,reflective,0.3,1.0,2,1.0
2025-05-25T22:36:56.242336,autowhale-130,autowhale-130,anxious,0.45,2.0,3,2.0
2025-05-25T22:37:18.162039,autowhale-140,autowhale-140,reflective,0.25,3.0,4,3.0
2025-05-25T22:37:39.604884,autowhale-150,autowhale-150,anxious,0.4,1.0,0,1.0
2025-05-25T22:38:00.681106,autowhale-160,autowhale-160,reflective,0.55,2.0,1,2.0
2025-05-25T22:38:21.732431,autowhale-170,autowhale-170,anxious,0.35,3.0,2,3.0
2025-05-25T22:38:42.640877,autowhale-180,autowhale-180,reflective,0.5,1.0,3,1.0
2025-05-25T22:39:03.820233,autowhale-190,autowhale-190,anxious,0.3,2.0,4,2.0
2025-05-25T22:39:45.116666,seed-∆2143FJ,seed-∆2143FJ,reflective,0.42,1.2,7,1.2
2025-05-25T22:40:06.615308,seed-∆test,seed-∆test,resilient,0.4341469481545948,1.1,1,1.1
2025-05-25T22:40:12.671677,seed-∆test,seed-∆test,resilient,0.4341469481545948,1.1,2,1.1
2025-05-25T22:40:27.703947,autowhale-10,autowhale-10,anxious,0.4,2.0,1,2.0
2025-05-25T22:40:49.582002,synthesis-224048,synthesis-224048,reflective,0.36000000000000004,1.1666666666666667,3,1.1666666666666667
2025-05-25T22:40:55.861186,autowhale-20,autowhale-20,reflective,0.55,3.0,2,3.0
2025-05-25T22:41:17.040753,autowhale-30,autowhale-30,anxious,0.35,1.0,3,1.0
2025-05-25T22:41:38.966653,autowhale-40,autowhale-40,reflective,0.5,2.0,4,2.0
2025-05-25T22:42:00.770561,autowhale-50,autowhale-50,anxious,0.3,3.0,0,3.0
2025-05-25T22:42:22.121722,autowhale-60,autowhale-60,reflective,0.45,1.0,1,1.0
2025-05-25T22:42:43.318896,autowhale-70,autowhale-70,anxious,0.25,2.0,2,2.0
2025-05-25T22:43:06.423483,autowhale-80,autowhale-80,reflective,0.4,3.0,3,3.0
2025-05-25T22:43:28.092695,autowhale-90,autowhale-90,anxious,0.55,1.0,4,1.0
2025-05-25T22:43:50.918921,autowhale-100,autowhale-100,reflective,0.35,2.0,0,2.0
2025-05-25T22:44:12.425357,autowhale-110,autowhale-110,anxious,0.5,3.0,1,3.0
2025-05-25T22:44:34.596579,autowhale-120,autowhale-120,reflective,0.3,1.0,2,1.0
2025-05-25T22:44:56.878474,autowhale-130,autowhale-130,anxious,0.45,2.0,3,2.0
2025-05-25T22:45:18.571777,autowhale-140,autowhale-140,reflective,0.25,3.0,4,3.0
2025-05-25T22:45:41.147400,autowhale-150,autowhale-150,anxious,0.4,1.0,0,1.0
2025-05-25T23:02:12.659714,seed-∆2143FJ,seed-∆2143FJ,reflective,0.42,1.2,7,1.2
2025-05-25T23:02:34.858097,seed-∆test,seed-∆test,resilient,0.5123932246052423,1.1,1,1.1
2025-05-25T23:02:41.640530,seed-∆test,seed-∆test,resilient,0.5123932246052423,1.1,2,1.1
2025-05-25T23:02:56.957553,autowhale-10,autowhale-10,anxious,0.4,2.0,1,2.0
2025-05-25T23:03:19.671781,synthesis-230318,synthesis-230318,reflective,0.36000000000000004,1.1666666666666667,3,1.1666666666666667
2025-05-25T23:03:26.551775,autowhale-20,autowhale-20,reflective,0.55,3.0,2,3.0
2025-05-25T23:03:49.505539,autowhale-30,autowhale-30,anxious,0.35,1.0,3,1.0
2025-05-25T23:04:12.149648,autowhale-40,autowhale-40,reflective,0.5,2.0,4,2.0
2025-05-25T23:04:34.995647,autowhale-50,autowhale-50,anxious,0.3,3.0,0,3.0
2025-05-25T23:04:57.824932,autowhale-60,autowhale-60,reflective,0.45,1.0,1,1.0
2025-05-25T23:05:20.443421,autowhale-70,autowhale-70,anxious,0.25,2.0,2,2.0
2025-05-25T23:05:43.441159,autowhale-80,autowhale-80,reflective,0.4,3.0,3,3.0
2025-05-25T23:06:06.339242,autowhale-90,autowhale-90,anxious,0.55,1.0,4,1.0
2025-05-25T23:06:28.979598,autowhale-100,autowhale-100,reflective,0.35,2.0,0,2.0
2025-05-25T23:06:51.277624,autowhale-110,autowhale-110,anxious,0.5,3.0,1,3.0
2025-05-25T23:07:14.164326,autowhale-120,autowhale-120,reflective,0.3,1.0,2,1.0
2025-05-25T23:07:37.125458,autowhale-130,autowhale-130,anxious,0.45,2.0,3,2.0
2025-05-25T23:08:00.155297,autowhale-140,autowhale-140,reflective,0.25,3.0,4,3.0
2025-05-25T23:08:23.593941,autowhale-150,autowhale-150,anxious,0.4,1.0,0,1.0
2025-05-25T23:08:46.929155,autowhale-160,autowhale-160,reflective,0.55,2.0,1,2.0
2025-05-25T23:09:10.359259,autowhale-170,autowhale-170,anxious,0.35,3.0,2,3.0
2025-05-25T23:09:33.595620,autowhale-180,autowhale-180,reflective,0.5,1.0,3,1.0
2025-05-25T23:09:56.509826,autowhale-190,autowhale-190,anxious,0.3,2.0,4,2.0
2025-05-25T23:10:19.761935,autowhale-200,autowhale-200,reflective,0.45,3.0,0,3.0
2025-05-25T23:10:42.955062,autowhale-210,autowhale-210,anxious,0.25,1.0,1,1.0
2025-05-25T23:11:06.202231,autowhale-220,autowhale-220,reflective,0.4,2.0,2,2.0
2025-05-25T23:11:29.885685,autowhale-230,autowhale-230,anxious,0.55,3.0,3,3.0
2025-05-25T23:11:53.574665,autowhale-240,autowhale-240,reflective,0.35,1.0,4,1.0
2025-05-25T23:12:17.613108,autowhale-250,autowhale-250,anxious,0.5,2.0,0,2.0
2025-05-25T23:12:41.513373,autowhale-260,autowhale-260,reflective,0.3,3.0,1,3.0
2025-05-25T23:13:05.406507,autowhale-270,autowhale-270,anxious,0.45,1.0,2,1.0
2025-05-25T23:13:29.619228,autowhale-280,autowhale-280,reflective,0.25,2.0,3,2.0
2025-05-25T23:13:53.520412,autowhale-290,autowhale-290,anxious,0.4,3.0,4,3.0
2025-05-25T23:14:18.078165,autowhale-300,autowhale-300,reflective,0.55,1.0,0,1.0
2025-05-25T23:14:42.231387,autowhale-310,autowhale-310,anxious,0.35,2.0,1,2.0
2025-05-25T23:28:33.068434,seed-∆2143FJ,seed-∆2143FJ,reflective,0.42,1.2,7,1.2
2025-05-25T23:28:55.703712,seed-∆test,seed-∆test,resilient,0.32744768839594124,1.1,1,1.1
2025-05-25T23:29:03.267194,seed-∆test,seed-∆test,resilient,0.32744768839594124,1.1,2,1.1
2025-05-25T23:30:15.744711,seed-∆2143FJ,seed-∆2143FJ,reflective,0.42,1.2,7,1.2
2025-05-25T23:30:38.504623,seed-∆test,seed-∆test,resilient,0.42276380333138613,1.1,1,1.1
2025-05-25T23:30:45.921252,seed-∆test,seed-∆test,resilient,0.42276380333138613,1.1,2,1.1
2025-05-25T23:38:23.627715,seed-∆2143FJ,seed-∆2143FJ,reflective,0.42,1.2,7,1.2
2025-05-25T23:38:46.505431,seed-∆test,seed-∆test,resilient,0.5339259790076192,1.1,1,1.1
2025-05-25T23:38:54.242873,seed-∆test,seed-∆test,resilient,0.5339259790076192,1.1,2,1.1
2025-05-25T23:40:58.628661,seed-∆2143FJ,seed-∆2143FJ,reflective,0.42,1.2,7,1.2
2025-05-25T23:41:21.768414,seed-∆test,seed-∆test,resilient,0.5985485955983447,1.1,1,1.1
2025-05-25T23:41:29.411837,seed-∆test,seed-∆test,resilient,0.5985485955983447,1.1,2,1.1
2025-05-25T23:43:12.104899,seed-∆2143FJ,seed-∆2143FJ,reflective,0.42,1.2,7,1.2
2025-05-25T23:43:37.078317,seed-∆test,seed-∆test,resilient,0.3068676765049209,1.1,1,1.1
2025-05-25T23:43:45.314329,seed-∆test,seed-∆test,resilient,0.3068676765049209,1.1,2,1.1
2025-05-25T23:44:20.385613,seed-∆2143FJ,seed-∆2143FJ,reflective,0.42,1.2,7,1.2
2025-05-25T23:44:43.594808,seed-∆test,seed-∆test,resilient,0.35691503178292255,1.1,1,1.1
2025-05-25T23:44:51.497918,seed-∆test,seed-∆test,resilient,0.35691503178292255,1.1,2,1.1
